1655831261.1750462,S
1655831261.188273,9999
1655831261.1952715,T
1655831261.2086306,9999
1655831261.215715,C
1655831261.2257252,1
1655831261.2357478,M
1655831261.245874,1
1655831261.2568972,1
1655831261.2658799,1
1655831261.2759566,1
1655831261.2861836,1
1655831261.2963428,1
1655831261.306768,1
1655831262.3094423,
1655831263.31114,
1655831263.3228517,S
1655831263.3359385,9999
1655831263.3427615,T
1655831263.3561683,9999
1655831263.3630962,C
1655831263.3731742,1
1655831263.3831534,M
1655831263.3932838,1
1655831263.4033642,1
1655831263.4134111,1
1655831263.4234774,1
1655831263.4336953,1
1655831263.443348,1
1655831263.4538393,1
